{
  "classification": {
    "Logistic Regression": {
      "accuracy": 0.96,
      "precision": 0.9600800222283968,
      "recall": 0.96,
      "f1_score": 0.9599973330666398,
      "auc": 0.9855665062945144,
      "training_time": 0.012274980545043945
    },
    "Random Forest": {
      "accuracy": 0.9583333333333334,
      "precision": 0.9583805576544142,
      "recall": 0.9583333333333334,
      "f1_score": 0.9583329861101466,
      "auc": 0.9881832020355782,
      "training_time": 0.44603681564331055
    },
    "Gradient Boosting": {
      "accuracy": 0.9683333333333334,
      "precision": 0.9683812243507119,
      "recall": 0.9683333333333334,
      "f1_score": 0.9683330694437112,
      "auc": 0.9870665229613662,
      "training_time": 1.0421030521392822
    },
    "SVM": {
      "accuracy": 0.9866666666666667,
      "precision": 0.9866885928362168,
      "recall": 0.9866666666666667,
      "f1_score": 0.9866666666666667,
      "auc": 0.9933999266658519,
      "training_time": 0.14398789405822754
    }
  },
  "cancer": {
    "Logistic Regression": {
      "accuracy": 0.9415204678362573,
      "precision": 0.942794632803145,
      "recall": 0.9415204678362573,
      "f1_score": 0.9408798947194116,
      "auc": 0.9883177570093458,
      "training_time": 0.16167807579040527
    },
    "Random Forest": {
      "accuracy": 0.935672514619883,
      "precision": 0.9355332776385409,
      "recall": 0.935672514619883,
      "f1_score": 0.9355688556066355,
      "auc": 0.991311331775701,
      "training_time": 0.18303990364074707
    },
    "Gradient Boosting": {
      "accuracy": 0.9473684210526315,
      "precision": 0.9474625460820457,
      "recall": 0.9473684210526315,
      "f1_score": 0.9471006548629639,
      "auc": 0.9899240654205608,
      "training_time": 0.4607532024383545
    },
    "SVM": {
      "accuracy": 0.9064327485380117,
      "precision": 0.9096816114359974,
      "recall": 0.9064327485380117,
      "f1_score": 0.9045565892131459,
      "auc": 0.9691880841121495,
      "training_time": 0.015069961547851562
    }
  }
}